1740079370189|POST|/api/decks
1740079372909|GET|/api/decks/einmu1qj
1740079374428|POST|/api/decks
1740079377373|GET|/api/decks/y6c0bk87
1740079377858|PATCH|/api/decks/shuffle/y6c0bk87
1740079378284|GET|/api/decks/y6c0bk87/card
1740080123829|POST|/api/decks
1740080130812|GET|/api/decks/63ejxabp
1740080133537|PATCH|/api/decks/shuffle/63ejxabp
1740237428120|POST|/api/pomodoro
1740237544065|GET|/api/pomodoro
1740237790438|GET|/api/pomodoro/1740237428122
1740237871150|PUT|/api/pomodoro/1740237428122
1740237940092|DELETE|/api/pomodoro/1740237428122
1740238016780|GET|/api/pomodoro
